{"_step":0,"reconstruction_loss":1.3064764738082886,"total_loss":3.3922457695007324,"batch":1,"_wandb":{"runtime":18},"_timestamp":1.7271435042638369e+09,"l1_loss":20857.69140625,"l0_loss":8457.578125,"_runtime":18.085084}