{"_step":0,"reconstruction_loss":1.3064764738082886,"l0_loss":8457.578125,"l1_loss":20857.69140625,"_wandb":{"runtime":18},"_runtime":17.142923,"total_loss":3.3922457695007324,"_timestamp":1.727143685214431e+09,"batch":1}