{"batch":3,"_timestamp":1.727144467272918e+09,"reconstruction_loss":3.150742292404175,"_wandb":{"runtime":155},"_runtime":149.068907,"l0_loss":3130.5595703125,"l1_loss":6858.626953125,"total_loss":3.8366050720214844,"_step":2}