{"batch":45,"l1_loss":5.568274974822998,"_wandb":{"runtime":196},"reconstruction_loss":1.1191935539245605,"_runtime":195.416168,"l0_loss":7.4852294921875,"total_loss":1.1197503805160522,"_timestamp":1.73559954611094e+09,"_step":44}