{"_timestamp":1.735599317719906e+09,"_step":27,"_wandb":{"runtime":123},"batch":28,"l1_loss":22.078649520874023,"l0_loss":27.329833984375,"total_loss":1.113331913948059,"reconstruction_loss":1.111124038696289,"_runtime":122.510902}