{"batch":1,"_wandb":{"runtime":19},"l1_loss":20857.69140625,"_step":0,"_timestamp":1.727142594970792e+09,"reconstruction_loss":1.3064764738082886,"l0_loss":8457.578125,"_runtime":18.471316,"total_loss":3.3922457695007324}