{"_step":0,"l0_loss":2286.351916503906,"batch":10,"_timestamp":1.7271386776388621e+09,"_wandb":{"runtime":93},"total_loss":14.749550127983094,"reconstruction_loss":14.240489220619201,"l1_loss":5090.606283569336,"_runtime":66.089615}