{"_wandb":{"runtime":136},"batch":2,"_step":1,"l1_loss":11423.84765625,"_timestamp":1.727142998524448e+09,"_runtime":80.443366,"reconstruction_loss":105.39620971679688,"l0_loss":5038.3720703125,"total_loss":106.5385971069336}