{"_step":0,"_wandb":{"runtime":18},"_runtime":18.698702,"total_loss":3.3922457695007324,"reconstruction_loss":1.3064764738082886,"_timestamp":1.7271433800496309e+09,"l1_loss":20857.69140625,"l0_loss":8457.578125,"batch":1}