{"_wandb":{"runtime":24},"l1_loss":20857.69140625,"_timestamp":1.727144280218105e+09,"_step":0,"l0_loss":8457.578125,"_runtime":17.506774,"batch":1,"reconstruction_loss":1.3064764738082886,"total_loss":3.3922457695007324}