{"reconstruction_loss":1.3064764738082886,"l0_loss":8457.578125,"_runtime":17.373816,"_step":0,"batch":1,"total_loss":3.3922457695007324,"_timestamp":1.7271427405738869e+09,"_wandb":{"runtime":21},"l1_loss":20857.69140625}