{
    "SAE": {
        "with_bias": {
            "loss_test": 0.002014995707819859,
            "mcc_test": 0.5627490026374927,
            "dict_mcc": 0.7089331630562205,
            "l0_test": 0.4952596028645833,
            "loss_test_std": 4.286392508097652e-05,
            "mcc_test_std": 0.029409421959732434,
            "dict_mcc_std": 0.009894975765385478,
            "l0_test_std": 0.0036243898016997643
        },
        "without_bias": {
            "loss_test": 0.0021179404575377703,
            "mcc_test": 0.5672228557338085,
            "dict_mcc": 0.729956856275597,
            "l0_test": 0.4953206380208333,
            "loss_test_std": 1.4131962192607548e-05,
            "mcc_test_std": 0.027874718592632252,
            "dict_mcc_std": 0.020803782408138113,
            "l0_test_std": 0.002494904039754953
        }
    },
    "SparseCoding": {
        "with_bias": {
            "loss_test": 0.00225959640305438,
            "mcc_test": 0.622867670087588,
            "dict_mcc": 0.8163434498566554,
            "l0_test": 0.5242106119791666,
            "loss_test_std": 3.92939593104589e-05,
            "mcc_test_std": 0.020049308243762515,
            "dict_mcc_std": 0.012239451858774073,
            "l0_test_std": 0.003876359810365682
        },
        "without_bias": {
            "loss_test": 0.0021873755225290856,
            "mcc_test": 0.6689578168816069,
            "dict_mcc": 0.820753433083155,
            "l0_test": 0.5279947916666666,
            "loss_test_std": 3.39339686027248e-05,
            "mcc_test_std": 0.024380641796505866,
            "dict_mcc_std": 0.030284293621285957,
            "l0_test_std": 0.0023227243044454064
        }
    },
    "MLP": {
        "64": {
            "with_bias": {
                "loss_test": 0.0021400435362011194,
                "mcc_test": 0.5288935913917627,
                "dict_mcc": 0.7309750093342396,
                "l0_test": 0.4998372395833333,
                "loss_test_std": 9.993828412779886e-05,
                "mcc_test_std": 0.018874336533895787,
                "dict_mcc_std": 0.019644987281383326,
                "l0_test_std": 0.0058471410684800785
            },
            "without_bias": {
                "loss_test": 0.002073232550173998,
                "mcc_test": 0.6081606219181391,
                "dict_mcc": 0.7423752652040699,
                "l0_test": 0.5490315755208334,
                "loss_test_std": 3.648522587503355e-06,
                "mcc_test_std": 0.019644100594796553,
                "dict_mcc_std": 0.009704919938079823,
                "l0_test_std": 0.011292915141493274
            }
        }
    }
}