{
  "N16_M8_k3": {
    "test_loss": 0.008966498962347368,
    "mcc_test": 0.9318237439912267,
    "mcc_dict": 0.9857035131657326
  },
  "N16_M8_k6": {
    "test_loss": 0.01973648667423514,
    "mcc_test": 0.6554462532106264,
    "mcc_dict": 0.931584887544967
  },
  "N16_M8_k9": {
    "test_loss": 0.03520906994809274,
    "mcc_test": 0.45759354233283756,
    "mcc_dict": 0.8416321295154088
  },
  "N16_M16_k3": {
    "test_loss": 0.011858688499302206,
    "mcc_test": 0.8260347614481998,
    "mcc_dict": 0.8857701181424289
  },
  "N16_M16_k6": {
    "test_loss": 0.018413869731431613,
    "mcc_test": 0.9721623272575661,
    "mcc_dict": 0.9830512950541267
  },
  "N16_M16_k9": {
    "test_loss": 0.050218835035372056,
    "mcc_test": 0.6290645519751568,
    "mcc_dict": 0.8037523435448523
  },
  "N16_M32_k3": {
    "test_loss": 0.01359002902612029,
    "mcc_test": 0.8608587596535935,
    "mcc_dict": 0.8980548356511436
  },
  "N16_M32_k6": {
    "test_loss": 0.016992455037320085,
    "mcc_test": 0.990544269073266,
    "mcc_dict": 0.9855155558477598
  },
  "N16_M32_k9": {
    "test_loss": 0.02740110466128955,
    "mcc_test": 0.9700543983117588,
    "mcc_dict": 0.9641354645910502
  },
  "N32_M8_k3": {
    "test_loss": 0.004636214351825085,
    "mcc_test": 0.6862186399123403,
    "mcc_dict": 0.9229468476116682
  },
  "N32_M8_k6": {
    "test_loss": 0.006830172403453423,
    "mcc_test": 0.451257918497278,
    "mcc_dict": 0.8970544983516273
  },
  "N32_M8_k9": {
    "test_loss": 0.008031106158278546,
    "mcc_test": 0.35433313385450965,
    "mcc_dict": 0.8369052342947116
  },
  "N32_M16_k3": {
    "test_loss": 0.0049540821326620075,
    "mcc_test": 0.9862119098475732,
    "mcc_dict": 0.9892779246303235
  },
  "N32_M16_k6": {
    "test_loss": 0.010747413200830428,
    "mcc_test": 0.7832329644193312,
    "mcc_dict": 0.90524199307824
  },
  "N32_M16_k9": {
    "test_loss": 0.016868154917723033,
    "mcc_test": 0.6167211130763031,
    "mcc_dict": 0.8623863971083572
  },
  "N32_M32_k3": {
    "test_loss": 0.0067022163196411196,
    "mcc_test": 0.914934598600748,
    "mcc_dict": 0.9415555165421122
  },
  "N32_M32_k6": {
    "test_loss": 0.011249655485890171,
    "mcc_test": 0.9136951251284249,
    "mcc_dict": 0.9248461759524093
  },
  "N32_M32_k9": {
    "test_loss": 0.014888954669324227,
    "mcc_test": 0.9732109487519919,
    "mcc_dict": 0.9730031192366801
  },
  "N64_M8_k3": {
    "test_loss": 0.0025409884119714453,
    "mcc_test": 0.4875866574657415,
    "mcc_dict": 0.906502176749099
  },
  "N64_M8_k6": {
    "test_loss": 0.0034647724754166822,
    "mcc_test": 0.2811104567926004,
    "mcc_dict": 0.8671223619009311
  },
  "N64_M8_k9": {
    "test_loss": 0.003954417563482249,
    "mcc_test": 0.24739973243144903,
    "mcc_dict": 0.8408674545218894
  },
  "N64_M16_k3": {
    "test_loss": 0.003445303280935054,
    "mcc_test": 0.7864578003298544,
    "mcc_dict": 0.9138615726019255
  },
  "N64_M16_k6": {
    "test_loss": 0.0056289204323348874,
    "mcc_test": 0.5563288328106142,
    "mcc_dict": 0.8536123311018138
  },
  "N64_M16_k9": {
    "test_loss": 0.00759072327623676,
    "mcc_test": 0.3884629832085855,
    "mcc_dict": 0.7923596609480064
  },
  "N64_M32_k3": {
    "test_loss": 0.00427482447689973,
    "mcc_test": 0.8308042603638106,
    "mcc_dict": 0.8766673617842036
  },
  "N64_M32_k6": {
    "test_loss": 0.0070686666544042395,
    "mcc_test": 0.8566727628170439,
    "mcc_dict": 0.9126629333863462
  },
  "N64_M32_k9": {
    "test_loss": 0.009372996214255568,
    "mcc_test": 0.8377557690731209,
    "mcc_dict": 0.9034952449108156
  },
  "N128_M8_k3": {
    "test_loss": 0.0014674110830217675,
    "mcc_test": 0.410294794582053,
    "mcc_dict": 0.9029766233476332
  },
  "N128_M8_k6": {
    "test_loss": 0.0018871917297409969,
    "mcc_test": 0.24878672606374744,
    "mcc_dict": 0.8687339644960913
  },
  "N128_M8_k9": {
    "test_loss": 0.002106823659099914,
    "mcc_test": 0.19714023096822747,
    "mcc_dict": 0.8604863974181285
  },
  "N128_M16_k3": {
    "test_loss": 0.0019756256604613,
    "mcc_test": 0.6261670329436716,
    "mcc_dict": 0.8407030273793823
  },
  "N128_M16_k6": {
    "test_loss": 0.002816435980929714,
    "mcc_test": 0.36293435077143243,
    "mcc_dict": 0.7916849959518786
  },
  "N128_M16_k9": {
    "test_loss": 0.003202073385472041,
    "mcc_test": 0.26342725331122413,
    "mcc_dict": 0.74278734213579
  },
  "N128_M32_k3": {
    "test_loss": 0.0026359355601107666,
    "mcc_test": 0.7578260218574582,
    "mcc_dict": 0.83611478190526
  },
  "N128_M32_k6": {
    "test_loss": 0.0042383015814640886,
    "mcc_test": 0.6423504691669213,
    "mcc_dict": 0.8045629056515065
  },
  "N128_M32_k9": {
    "test_loss": 0.005273860316802717,
    "mcc_test": 0.47779758115663085,
    "mcc_dict": 0.753994565191798
  },
  "N256_M8_k3": {
    "test_loss": 0.0009491310241360741,
    "mcc_test": 0.3646259911381789,
    "mcc_dict": 0.901708991038098
  },
  "N256_M8_k6": {
    "test_loss": 0.0011327882786315165,
    "mcc_test": 0.2634018479785787,
    "mcc_dict": 0.889296562583423
  },
  "N256_M8_k9": {
    "test_loss": 0.0012654047624023979,
    "mcc_test": 0.22281694513458694,
    "mcc_dict": 0.8847854599354428
  },
  "N256_M16_k3": {
    "test_loss": 0.0011912299334159463,
    "mcc_test": 0.48986947060344754,
    "mcc_dict": 0.8232818436779812
  },
  "N256_M16_k6": {
    "test_loss": 0.001492292867630523,
    "mcc_test": 0.30312824245176456,
    "mcc_dict": 0.7634082780358123
  },
  "N256_M16_k9": {
    "test_loss": 0.001711148517983005,
    "mcc_test": 0.23197226085627204,
    "mcc_dict": 0.7314090232319123
  },
  "N256_M32_k3": {
    "test_loss": 0.0016518697882422374,
    "mcc_test": 0.6106179815939494,
    "mcc_dict": 0.7698692326464225
  },
  "N256_M32_k6": {
    "test_loss": 0.002236580408811622,
    "mcc_test": 0.43076509170429556,
    "mcc_dict": 0.7231933503404364
  },
  "N256_M32_k9": {
    "test_loss": 0.0026371607458558384,
    "mcc_test": 0.2932201965057774,
    "mcc_dict": 0.6659236735942771
  }
}