{
  "SAE": {
    "0.001": [
      0.00010245078919979278,
      0.33942049741744995,
      0.8346150716145834,
      0.8366292317708334,
      0.8368733723958334,
      0.8368733723958334,
      0.5380829898894158
    ],
    "0.005": [
      5.026715674224154e-06,
      0.19966032107671103,
      0.5335286458333334,
      0.5370890299479166,
      0.5375162760416666,
      0.5375569661458334,
      0.6187316917336911
    ],
    "0.01": [
      1.407688038549774e-05,
      0.20209763944149017,
      0.5072428385416666,
      0.50921630859375,
      0.5093587239583334,
      0.5093587239583334,
      0.5947474080080065
    ],
    "0.05": [
      0.0002510183452007671,
      0.19942991932233176,
      0.4797770182291667,
      0.48101806640625,
      0.4811808268229167,
      0.4811808268229167,
      0.5974439545929388
    ],
    "0.1": [
      0.0010066484877218802,
      0.19090255598227182,
      0.458740234375,
      0.4601643880208333,
      0.46026611328125,
      0.46026611328125,
      0.6174048697183282
    ],
    "0.5": [
      0.01734765401730935,
      0.13916274905204773,
      0.32489013671875,
      0.3254801432291667,
      0.3255615234375,
      0.3255818684895833,
      0.5926100774286512
    ],
    "1.0": [
      0.04832568640510241,
      0.10467043022314708,
      0.22926839192708334,
      0.22965494791666666,
      0.229736328125,
      0.229736328125,
      0.5585332633400245
    ],
    "2.0": [
      0.12498227506875992,
      0.06061510741710663,
      0.11759440104166667,
      0.11773681640625,
      0.11773681640625,
      0.11773681640625,
      0.4136902468187967
    ],
    "5.0": [
      0.3110670844713847,
      0.009669713520755371,
      0.0234375,
      0.02349853515625,
      0.023518880208333332,
      0.023518880208333332,
      0.20756967450923355
    ]
  },
  "MLP": {
    "0.001": [
      4.5537531453495227e-05,
      0.20860212544600168,
      0.5103352864583334,
      0.51409912109375,
      0.514892578125,
      0.5150349934895834,
      0.5504944874192255
    ],
    "0.005": [
      7.073594557975109e-05,
      0.20039464036623636,
      0.4932861328125,
      0.4958292643229167,
      0.4962361653645833,
      0.4962972005208333,
      0.5994458018438399
    ],
    "0.01": [
      0.0001252682377526071,
      0.19622281193733215,
      0.48828125,
      0.4902547200520833,
      0.49041748046875,
      0.4904581705729167,
      0.6071288407392829
    ],
    "0.05": [
      0.0005400937613255034,
      0.1852707862854004,
      0.45269775390625,
      0.4540201822916667,
      0.4542032877604167,
      0.4542236328125,
      0.6056313686268125
    ],
    "0.1": [
      0.0014073467270160716,
      0.1789949635664622,
      0.4432779947916667,
      0.4447835286458333,
      0.44482421875,
      0.44482421875,
      0.6151316215231647
    ],
    "0.5": [
      0.0145915811881423,
      0.12886229157447815,
      0.285888671875,
      0.2867431640625,
      0.286865234375,
      0.286865234375,
      0.7009445407644149
    ],
    "1.0": [
      0.039601573099692665,
      0.09850478420654933,
      0.20192464192708334,
      0.20225016276041666,
      0.2022705078125,
      0.2022705078125,
      0.6798950548055332
    ],
    "2.0": [
      0.11036272595326106,
      0.06269165376822154,
      0.12599690755208334,
      0.12626139322916666,
      0.12628173828125,
      0.12628173828125,
      0.49083973301693207
    ],
    "5.0": [
      0.34456731875737506,
      0.00453544649159691,
      0.009867350260416666,
      0.009867350260416666,
      0.009867350260416666,
      0.009867350260416666,
      0.06508152595351795
    ]
  },
  "SparseCoding": {
    "0.001": [
      0.00024792323044190806,
      0.1795052190621694,
      0.45684814453125,
      0.5226236979166666,
      0.9699300130208334,
      1.0,
      0.7388333009950286
    ],
    "0.005": [
      0.0002541724922290693,
      0.1773382325967153,
      0.4532063802083333,
      0.5207926432291666,
      0.9662272135416666,
      1.0,
      0.7355826186642321
    ],
    "0.01": [
      0.0003212905236675094,
      0.17998683949311575,
      0.4584554036458333,
      0.5246988932291666,
      0.9601643880208334,
      1.0,
      0.7295133843525998
    ],
    "0.05": [
      0.0006585919375841817,
      0.17596332232157388,
      0.4408772786458333,
      0.5000406901041666,
      0.9168497721354166,
      1.0,
      0.7510289145027614
    ],
    "0.1": [
      0.001275954923282067,
      0.17151627937952676,
      0.4213663736979167,
      0.4737548828125,
      0.8548380533854166,
      1.0,
      0.7283070858983813
    ],
    "0.5": [
      0.01193716749548912,
      0.12636259446541467,
      0.2901204427083333,
      0.34259033203125,
      0.5768025716145834,
      1.0,
      0.835699734838553
    ],
    "1.0": [
      0.03779961789647738,
      0.10198624928792317,
      0.23490397135416666,
      0.2751871744791667,
      0.4294637044270833,
      1.0,
      0.7215361971305585
    ],
    "2.0": [
      0.09780562669038773,
      0.06556876997152965,
      0.14786783854166666,
      0.17277018229166666,
      0.2651570638020833,
      1.0,
      0.6509566818185154
    ],
    "5.0": [
      0.2726920247077942,
      0.015050836838781834,
      0.037211100260416664,
      0.042317708333333336,
      0.06589762369791667,
      1.0,
      0.4457190728596327
    ]
  }
}