{
  "SAE_L1": {
    "0.001": [
      3.040718468128034e-06,
      0.60943603515625,
      0.5546127679233973
    ],
    "0.005": [
      2.42182511556166e-06,
      0.5258382161458334,
      0.6252909303492665
    ],
    "0.01": [
      8.89214031000544e-06,
      0.4942423502604167,
      0.5673516992799045
    ],
    "0.05": [
      0.00022432481637224555,
      0.48583984375,
      0.590788211028785
    ],
    "0.1": [
      0.0006346199273442229,
      0.4867350260416667,
      0.5906996202143259
    ],
    "0.5": [
      0.018839494635661442,
      0.3565673828125,
      0.5206040549802955
    ],
    "1.0": [
      0.06421961386998494,
      0.24688720703125,
      0.3774552611436766
    ],
    "5.0": [
      0.348822683095932,
      0.030354817708333332,
      0.2265639253519256
    ]
  },
  "MLP_L1": {
    "0.001": [
      2.134273002714811e-05,
      0.5321451822916666,
      0.5943200076152997
    ],
    "0.005": [
      4.22007760789711e-05,
      0.5004475911458334,
      0.5882292096205497
    ],
    "0.01": [
      0.00010199662816982406,
      0.4846394856770833,
      0.5884822375469988
    ],
    "0.05": [
      0.0003898610593751073,
      0.4627482096354167,
      0.5873001857786484
    ],
    "0.1": [
      0.0011786140773134928,
      0.44537353515625,
      0.6550553944063823
    ],
    "0.5": [
      0.014807532541453838,
      0.3118489583333333,
      0.6474556211502355
    ],
    "1.0": [
      0.04849093283216158,
      0.21687825520833334,
      0.5841518581611209
    ],
    "5.0": [
      0.35464025537172955,
      0.009541829427083334,
      0.06927047945246533
    ]
  },
  "SparseCoding_L1": {
    "0.001": [
      0.00024792323044190806,
      0.9699300130208334,
      0.7388333009950286
    ],
    "0.005": [
      0.0002541724922290693,
      0.9662272135416666,
      0.7355826186642321
    ],
    "0.01": [
      0.0003212905236675094,
      0.9601643880208334,
      0.7295133843525998
    ],
    "0.05": [
      0.0006585919375841817,
      0.9168497721354166,
      0.7510289145027614
    ],
    "0.1": [
      0.001275954923282067,
      0.8548380533854166,
      0.7283070858983813
    ],
    "0.5": [
      0.01193716749548912,
      0.5768025716145834,
      0.835699734838553
    ],
    "1.0": [
      0.03779961789647738,
      0.4294637044270833,
      0.7215361971305585
    ],
    "5.0": [
      0.2726920247077942,
      0.06589762369791667,
      0.4457190728596327
    ]
  },
  "SAE_TopK": {
    "1": [
      0.1270573859413465,
      0.0625,
      0.32574016283949353
    ],
    "2": [
      0.051102414727211,
      0.125,
      0.5610898442421058
    ],
    "3": [
      0.0279392475883166,
      0.1875,
      0.6367420041031212
    ],
    "4": [
      0.012783972856899103,
      0.25,
      0.6100635629819808
    ],
    "5": [
      0.005278243372837703,
      0.3125,
      0.610642504656486
    ],
    "8": [
      3.8463031633758266e-07,
      0.49871826171875,
      0.5067872183091148
    ],
    "10": [
      5.730606649952582e-07,
      0.6152140299479166,
      0.46870211635321263
    ],
    "15": [
      6.059985580009197e-07,
      0.7947998046875,
      0.44662972165613307
    ]
  },
  "MLP_TopK": {
    "1": [
      0.1442952354749044,
      0.0625,
      0.2328734501765739
    ],
    "2": [
      0.06034831454356512,
      0.12491861979166667,
      0.43244843312590014
    ],
    "3": [
      0.02580854793389638,
      0.18723551432291666,
      0.5042694668240886
    ],
    "4": [
      0.011773213433722654,
      0.24943033854166666,
      0.5052875189071707
    ],
    "5": [
      0.005833990406244993,
      0.3122151692708333,
      0.4904987108822301
    ],
    "8": [
      2.68101475739968e-05,
      0.4990234375,
      0.32810042901075437
    ],
    "10": [
      1.7791700580952845e-05,
      0.60382080078125,
      0.38757545538619387
    ],
    "15": [
      1.586607565210822e-05,
      0.8019612630208334,
      0.40481281454710616
    ]
  },
  "SparseCoding_TopK": {
    "1": [
      0.22067712247371674,
      0.06207275390625,
      0.2045986724043536
    ],
    "2": [
      0.16215606033802032,
      0.12282307942708333,
      0.20050921752053133
    ],
    "3": [
      0.12534041702747345,
      0.17842610677083334,
      0.19283789595051284
    ],
    "4": [
      0.10097056378920873,
      0.223388671875,
      0.197283100414715
    ],
    "5": [
      0.08812468250592549,
      0.2508341471354167,
      0.201740167365506
    ],
    "8": [
      0.0846729427576065,
      0.2614339192708333,
      0.1853741418961532
    ],
    "10": [
      0.0864262506365776,
      0.25799560546875,
      0.1870380438617015
    ],
    "15": [
      0.08621116479237874,
      0.25701904296875,
      0.18755396233428234
    ]
  }
}