{
  "SAE": {
    "8": [
      [
        16,
        0.5021108841641131,
        0.04046232046053761,
        0.740483415177323,
        0.03403495176611005,
        89292800000,
        540672
      ],
      [
        32,
        0.2852870776168173,
        0.003481044873245454,
        0.7525371386517842,
        0.012659980594640192,
        178585600000,
        1081344
      ],
      [
        64,
        0.21376034773237415,
        0.004997723177092077,
        0.7812852634593099,
        0.005963954773432212,
        357171200000,
        2162688
      ],
      [
        128,
        0.1730332801032013,
        0.0022128138085296483,
        0.8329848833549759,
        0.0025094548338950523,
        714342400000,
        4325376
      ]
    ],
    "16": [
      [
        16,
        0.788687873946278,
        0.09742779676561117,
        0.869620491302309,
        0.0660190215983799,
        174489600000,
        1064960
      ],
      [
        32,
        0.49394101115204964,
        0.00827795888140845,
        0.6830209271242657,
        0.002929178174598632,
        348979200000,
        2129920
      ],
      [
        64,
        0.2979168383842589,
        0.008993520339026752,
        0.6322968474007004,
        0.003690518988612686,
        697958400000,
        4259840
      ],
      [
        128,
        0.21544881136265795,
        0.010626464010972256,
        0.6452348037223287,
        0.0055357443234725435,
        1395916800000,
        8519680
      ]
    ],
    "32": [
      [
        16,
        0.9662469201818462,
        0.04684734019443933,
        0.9752895508085682,
        0.03387131209811225,
        344883200000,
        2113536
      ],
      [
        32,
        0.9767029000661283,
        0.010037641290188835,
        0.9848741093110499,
        0.006671588719208773,
        689766400000,
        4227072
      ],
      [
        64,
        0.4519929178157304,
        0.002497233785779556,
        0.6130188301105367,
        0.011682756463902698,
        1379532800000,
        8454144
      ],
      [
        128,
        0.2942107525639095,
        0.00582881828731027,
        0.529912760764858,
        0.0030714484117479283,
        2759065600000,
        16908288
      ]
    ]
  },
  "MLP": {
    "8": [
      [
        16,
        0.4702332988651979,
        0.007296839914919624,
        0.739513059187099,
        0.004196223266637258,
        294092800000,
        1884160
      ],
      [
        32,
        0.33039330445234066,
        0.007660085732965177,
        0.7542924873684882,
        0.005310832508674703,
        501350400000,
        3211264
      ],
      [
        64,
        0.21355004803421915,
        0.016344061326257268,
        0.7943943213898308,
        0.008723634695509097,
        915865600000,
        5865472
      ],
      [
        128,
        0.17992645067486657,
        0.0032965571993117467,
        0.8102683619434182,
        0.00502385525869145,
        1744896000000,
        11173888
      ]
    ],
    "16": [
      [
        16,
        0.6433122695417559,
        0.14171211601709838,
        0.7954368991966495,
        0.06485334337016453,
        418611200000,
        2670592
      ],
      [
        32,
        0.45063738294815553,
        0.007129239485113031,
        0.6666085349748982,
        0.007567559377164547,
        671744000000,
        4259840
      ],
      [
        64,
        0.29124095886932583,
        0.007837167180434984,
        0.5820949739324283,
        0.010515926683297453,
        1178009600000,
        7438336
      ],
      [
        128,
        0.2079305531688592,
        0.007489829596658059,
        0.6095533521647368,
        0.006899914561523366,
        2190540800000,
        13795328
      ]
    ],
    "32": [
      [
        16,
        0.729574263593537,
        0.03678612863544568,
        0.8297335806196173,
        0.02657650936745458,
        667648000000,
        4243456
      ],
      [
        32,
        0.7672181011309664,
        0.03802289854259145,
        0.8578649859843767,
        0.02942392534223506,
        1012531200000,
        6356992
      ],
      [
        64,
        0.4231806081666602,
        0.022015969236413142,
        0.615666186554594,
        0.019438184600545774,
        1702297600000,
        10584064
      ],
      [
        128,
        0.26199076261295645,
        0.00726574184714595,
        0.5182050404319098,
        0.0049935745206117,
        3081830400000,
        19038208
      ]
    ]
  },
  "SparseCoding": {
    "8": [
      [
        16,
        0.46904859023645656,
        0.03004886877603896,
        0.7355710338555733,
        0.02810502087133443,
        1731379200000,
        3686473728
      ],
      [
        32,
        0.37114127103847555,
        0.0016415415629461197,
        0.7691631198729283,
        0.00765900602432748,
        1731379200000,
        3686473728
      ],
      [
        64,
        0.3039858947410721,
        0.0042822449978741324,
        0.8190780860113497,
        0.008864130782039797,
        1731379200000,
        3686473728
      ],
      [
        128,
        0.25156187839624916,
        0.002671820351890456,
        0.8500722996100502,
        0.003097824912820849,
        1731379200000,
        3686473728
      ]
    ],
    "16": [
      [
        16,
        0.7860384555884101,
        0.07792944191086759,
        0.8794721677403837,
        0.07067202170387611,
        3567616000000,
        12615958528
      ],
      [
        32,
        0.45270868367013395,
        0.013319136345414114,
        0.6670422425918238,
        0.008509243127691142,
        3567616000000,
        12615958528
      ],
      [
        64,
        0.357860670271664,
        0.005678352936991313,
        0.678664172793475,
        0.010708451241593524,
        3567616000000,
        12615958528
      ],
      [
        128,
        0.28490988837607956,
        0.0008136699730757264,
        0.6805358989117201,
        0.005881342449261246,
        3567616000000,
        12615958528
      ]
    ],
    "32": [
      [
        16,
        0.8214809632031469,
        0.012048452225598251,
        0.8717501015829896,
        0.014186489880050461,
        7554662400000,
        46203961344
      ],
      [
        32,
        0.8533127735630962,
        0.00749663599247225,
        0.9652034420859238,
        0.010223654079778977,
        7554662400000,
        46203961344
      ],
      [
        64,
        0.5647378594045293,
        0.006827109399623093,
        0.7427754242108123,
        0.003921319779202138,
        7554662400000,
        46203961344
      ],
      [
        128,
        0.3220798406779752,
        0.008166626937533339,
        0.5977779370058323,
        0.0036184235878500173,
        7554662400000,
        46203961344
      ]
    ]
  }
}