{
  "SAE": {
    "8": [
      [
        16,
        0.6382240785621311,
        0.03586085279157705,
        0.7455431771674436,
        0.03328224401493635,
        89292800000,
        540672
      ],
      [
        32,
        0.3915848421652881,
        0.01934596088305681,
        0.7586653998290748,
        0.015851512432682558,
        178585600000,
        1081344
      ],
      [
        64,
        0.25603976688067437,
        0.010974654691499398,
        0.8005569391746169,
        0.007186577145498593,
        357171200000,
        2162688
      ],
      [
        128,
        0.21327126800308324,
        0.011627224809587784,
        0.8362514262182911,
        0.0026089970344365682,
        714342400000,
        4325376
      ]
    ],
    "16": [
      [
        16,
        0.9576416725333644,
        0.055344739644674325,
        0.9689654481920252,
        0.038231586270306456,
        174489600000,
        1064960
      ],
      [
        32,
        0.576840933638823,
        0.024701743571764048,
        0.6843005271317631,
        0.007756924413549199,
        348979200000,
        2129920
      ],
      [
        64,
        0.37442700913852556,
        0.01875573445277538,
        0.6652253724026096,
        0.005114487858404518,
        697958400000,
        4259840
      ],
      [
        128,
        0.28584057498840404,
        0.009690203416792529,
        0.6613908459205179,
        0.0024265659277174483,
        1395916800000,
        8519680
      ]
    ],
    "32": [
      [
        16,
        0.9999362166730673,
        2.250583594153784e-05,
        0.9998284985507607,
        2.617073971668084e-05,
        344883200000,
        2113536
      ],
      [
        32,
        0.9990071789010516,
        0.0007143820502618414,
        0.9996925225227811,
        0.0003771923325729887,
        689766400000,
        4227072
      ],
      [
        64,
        0.5469511168176354,
        0.03996939273657102,
        0.6455483481058936,
        0.016925140306501857,
        1379532800000,
        8454144
      ],
      [
        128,
        0.41951952372226886,
        0.00477828561234421,
        0.6058384128525187,
        0.002971979598396461,
        2759065600000,
        16908288
      ]
    ]
  },
  "MLP": {
    "8": [
      [
        16,
        0.5926605504216678,
        0.03955758778315,
        0.8067640508217077,
        0.033323403702477106,
        294092800000,
        1884160
      ],
      [
        32,
        0.45088020733409145,
        0.037015347968769825,
        0.8108710274253781,
        0.0067426530765290005,
        501350400000,
        3211264
      ],
      [
        64,
        0.28448040618669873,
        0.00495385127911363,
        0.8167970603990966,
        0.007972633865263479,
        915865600000,
        5865472
      ],
      [
        128,
        0.24587676161621355,
        0.00914583794016018,
        0.8224359229687034,
        0.0028323302108070225,
        1744896000000,
        11173888
      ]
    ],
    "16": [
      [
        16,
        0.8704763564892332,
        0.09663835974752419,
        0.931682493360683,
        0.05357755511453334,
        418611200000,
        2670592
      ],
      [
        32,
        0.5333491686192685,
        0.04941876042273174,
        0.6891139230795295,
        0.0330982502346233,
        671744000000,
        4259840
      ],
      [
        64,
        0.38824821807971954,
        0.02198751058667094,
        0.6647569028698523,
        0.01006671936233747,
        1178009600000,
        7438336
      ],
      [
        128,
        0.27110376384675594,
        0.023061605548091117,
        0.649424240323289,
        0.003161296065428623,
        2190540800000,
        13795328
      ]
    ],
    "32": [
      [
        16,
        0.917984043321091,
        0.05804163659784908,
        0.9512536660179443,
        0.03552788261927029,
        667648000000,
        4243456
      ],
      [
        32,
        0.9085170071239395,
        0.0291406185350436,
        0.9456767083191128,
        0.014023334838951648,
        1012531200000,
        6356992
      ],
      [
        64,
        0.408561599539782,
        0.002477748164143294,
        0.5907116517996661,
        0.0048051911968541635,
        1702297600000,
        10584064
      ],
      [
        128,
        0.31639247149607624,
        0.017070179556731693,
        0.515670216586574,
        0.011986597708477521,
        3081830400000,
        19038208
      ]
    ]
  },
  "SparseCoding": {
    "8": [
      [
        16,
        0.7325361235883725,
        0.029176618623723824,
        0.8775761724605123,
        0.03194916970916125,
        2623897600000,
        7209107456
      ],
      [
        32,
        0.514100711686648,
        0.021516650605917117,
        0.8068746380060171,
        0.01597600937178128,
        4408934400000,
        14254374912
      ],
      [
        64,
        0.4221439777549638,
        0.002434134639395405,
        0.8414773634343137,
        0.001224714547728181,
        7979008000000,
        28344909824
      ],
      [
        128,
        0.3281109940130787,
        0.00428718222129247,
        0.8709800265969676,
        0.001650321931321063,
        15119155200000,
        56525979648
      ]
    ],
    "16": [
      [
        16,
        0.9742468235663567,
        0.00265914889776164,
        0.9998741106642938,
        6.619466170700359e-05,
        3567616000000,
        12615958528
      ],
      [
        32,
        0.9280374138809592,
        0.05393206716355848,
        0.9726109327620293,
        0.03866247440984926,
        5457510400000,
        24904237056
      ],
      [
        64,
        0.6611602672266067,
        0.007041541253369808,
        0.8193594431861921,
        0.005299820465893964,
        9237299200000,
        49480794112
      ],
      [
        128,
        0.4712388865653534,
        0.008449621679938601,
        0.7555324398466192,
        0.005270866777715326,
        16796876800000,
        98633908224
      ]
    ],
    "32": [
      [
        16,
        0.9411258831548447,
        0.0003588509855437483,
        0.999789501782603,
        5.8198813373794553e-05,
        5455052800000,
        23429660672
      ],
      [
        32,
        0.9456927139301451,
        0.003201986639881701,
        0.9999524720542902,
        5.554740986406863e-06,
        7554662400000,
        46203961344
      ],
      [
        64,
        0.9182725627375872,
        0.015867270798150427,
        0.9798330471472676,
        0.01438031626839882,
        11753881600000,
        91752562688
      ],
      [
        128,
        0.8688250262713876,
        0.016552051368807313,
        0.944558207590064,
        0.013089857314084335,
        20152320000000,
        182849765376
      ]
    ]
  }
}