{
  "SAE": {
    "8": [
      [
        16,
        0.46301626797678486,
        0.04757600361405864,
        0.738597033385874,
        0.02786719622576994,
        44646400000,
        540672
      ],
      [
        32,
        0.2600639789241691,
        0.007523102419146877,
        0.72377842867589,
        0.01807116141661459,
        89292800000,
        1081344
      ],
      [
        64,
        0.2018924888609593,
        0.008599997246096768,
        0.7839054118744452,
        0.013434096569213228,
        178585600000,
        2162688
      ],
      [
        128,
        0.15182150200717714,
        0.004230598438156892,
        0.8269998628201646,
        0.0035260748599181936,
        357171200000,
        4325376
      ]
    ],
    "16": [
      [
        16,
        0.7309568381080265,
        0.06167259923281555,
        0.8312607921820424,
        0.034860765692706734,
        87244800000,
        1064960
      ],
      [
        32,
        0.45969649643048877,
        0.013649309742143368,
        0.6515006155147987,
        0.029576165203662914,
        174489600000,
        2129920
      ],
      [
        64,
        0.246200600031793,
        0.003772180586291706,
        0.5916383747650639,
        0.007011143543719712,
        348979200000,
        4259840
      ],
      [
        128,
        0.19355261425721895,
        0.013200149429507337,
        0.6391511662051675,
        0.0036563016525322624,
        697958400000,
        8519680
      ]
    ],
    "32": [
      [
        16,
        0.7946681385281159,
        0.12880661018346817,
        0.8550616620450763,
        0.08818008469211155,
        172441600000,
        2113536
      ],
      [
        32,
        0.9062056662053509,
        0.04136094384561627,
        0.9322018501137398,
        0.03303459066765791,
        344883200000,
        4227072
      ],
      [
        64,
        0.4362499583494291,
        0.006261962711888899,
        0.5956685388303384,
        0.013190714618635965,
        689766400000,
        8454144
      ],
      [
        128,
        0.24122588372855472,
        0.007408126597583687,
        0.4852933077275406,
        0.005927752789077173,
        1379532800000,
        16908288
      ]
    ]
  },
  "MLP": {
    "8": [
      [
        16,
        0.3714677272551084,
        0.01565347670535248,
        0.7090698587146941,
        0.012722995024125364,
        147046400000,
        1884160
      ],
      [
        32,
        0.28330403629062206,
        0.018941228275219383,
        0.7366385587200929,
        0.017458817372062604,
        250675200000,
        3211264
      ],
      [
        64,
        0.21271041862765405,
        0.016496343567184744,
        0.7790948374671854,
        0.0006106081336450014,
        457932800000,
        5865472
      ],
      [
        128,
        0.18003523777875366,
        0.012169940030824854,
        0.807943440786317,
        0.00284916430941154,
        872448000000,
        11173888
      ]
    ],
    "16": [
      [
        16,
        0.475861210657096,
        0.18709309142244435,
        0.6663330991651625,
        0.11313331896389534,
        209305600000,
        2670592
      ],
      [
        32,
        0.43051320880387284,
        0.018814550747373437,
        0.6703949712456657,
        0.007614976145761618,
        335872000000,
        4259840
      ],
      [
        64,
        0.27576340742904465,
        0.007284187685851555,
        0.5884916544012342,
        0.016666674639993245,
        589004800000,
        7438336
      ],
      [
        128,
        0.199271251201481,
        0.006050874331065629,
        0.5983833076852303,
        0.00633387608820481,
        1095270400000,
        13795328
      ]
    ],
    "32": [
      [
        16,
        0.580015292512844,
        0.11843191709617121,
        0.718836805843542,
        0.0872664161860685,
        333824000000,
        4243456
      ],
      [
        32,
        0.7358542818878607,
        0.03594251812260796,
        0.8253069119994431,
        0.020226272396990902,
        506265600000,
        6356992
      ],
      [
        64,
        0.3898382524173132,
        0.023793068176801387,
        0.5810816637179822,
        0.01667273559532116,
        851148800000,
        10584064
      ],
      [
        128,
        0.24315674000502727,
        0.006151328490745926,
        0.5107816312640159,
        0.005331010339009486,
        1540915200000,
        19038208
      ]
    ]
  },
  "SparseCoding": {
    "8": [
      [
        16,
        0.4497522979813187,
        0.030345997895317167,
        0.7332824230579718,
        0.018012897083675483,
        865689600000,
        3686473728
      ],
      [
        32,
        0.32939970205643404,
        0.006959186688715684,
        0.7705648261330396,
        0.017289131357371285,
        865689600000,
        3686473728
      ],
      [
        64,
        0.2701274164222466,
        0.0037742664366301275,
        0.8161163276272086,
        0.002454434973834541,
        865689600000,
        3686473728
      ],
      [
        128,
        0.21998829903508724,
        0.0008127734798953273,
        0.8450988348637324,
        0.0032901139396141394,
        865689600000,
        3686473728
      ]
    ],
    "16": [
      [
        16,
        0.6421072996848576,
        0.033371967622562795,
        0.7381557629599911,
        0.03250582833947645,
        1783808000000,
        12615958528
      ],
      [
        32,
        0.39895498638557764,
        0.012315319363297692,
        0.6421316722021301,
        0.009549597160651013,
        1783808000000,
        12615958528
      ],
      [
        64,
        0.29360518566243804,
        0.008250531315319318,
        0.6417985287418873,
        0.009972171524413048,
        1783808000000,
        12615958528
      ],
      [
        128,
        0.23309767692273917,
        0.004789818461918543,
        0.6561114370082386,
        0.0032776355925068635,
        1783808000000,
        12615958528
      ]
    ],
    "32": [
      [
        16,
        0.7658848393291939,
        0.03256854416182873,
        0.8240750979878536,
        0.03445262605932577,
        3777331200000,
        46203961344
      ],
      [
        32,
        0.794490040616664,
        0.029758362765194644,
        0.9410780601015661,
        0.03481820551097695,
        3777331200000,
        46203961344
      ],
      [
        64,
        0.37765386665706874,
        0.013348926055287756,
        0.5852873963224573,
        0.015097717565278309,
        3777331200000,
        46203961344
      ],
      [
        128,
        0.24943921371450714,
        0.005272538481884275,
        0.5236270555390649,
        0.0028703421938444944,
        3777331200000,
        46203961344
      ]
    ]
  }
}