{
  "SAE": {
    "8": [
      [
        16,
        0.6109981491817646,
        0.03296915190552232,
        0.7402176910079561,
        0.034004278263801285,
        89292800000,
        540672
      ],
      [
        32,
        0.37875645847409817,
        0.039586290704726974,
        0.764272026584725,
        0.009935539144906908,
        178585600000,
        1081344
      ],
      [
        64,
        0.24384210392352504,
        0.0045945652182447045,
        0.8008569802145568,
        0.007744859649044714,
        357171200000,
        2162688
      ],
      [
        128,
        0.20861823275901312,
        0.01211976759789288,
        0.8277600855386439,
        0.007856072358295678,
        714342400000,
        4325376
      ]
    ],
    "16": [
      [
        16,
        0.9436060842864987,
        0.07401910733423767,
        0.9697963023606228,
        0.03614966896739326,
        174489600000,
        1064960
      ],
      [
        32,
        0.6133919512647533,
        0.004511023526982116,
        0.6968312013648253,
        0.014182362354378404,
        348979200000,
        2129920
      ],
      [
        64,
        0.3716684380227762,
        0.031571571812444625,
        0.6720089864089592,
        0.005897103118442675,
        697958400000,
        4259840
      ],
      [
        128,
        0.2703388677157904,
        0.011372415003775276,
        0.6656890180756724,
        0.00129611015515202,
        1395916800000,
        8519680
      ]
    ],
    "32": [
      [
        16,
        0.9999375407765152,
        2.2042456969660198e-05,
        0.9998277279019576,
        2.8812216143307846e-05,
        344883200000,
        2113536
      ],
      [
        32,
        0.9986614766826,
        0.0008100442234912756,
        0.999358157647198,
        0.0008512785026546274,
        689766400000,
        4227072
      ],
      [
        64,
        0.5397194165508699,
        0.019144555655672125,
        0.6302611512617169,
        0.009834689867409808,
        1379532800000,
        8454144
      ],
      [
        128,
        0.424535711779174,
        0.007906773630964174,
        0.6086831763128396,
        0.004206084748874328,
        2759065600000,
        16908288
      ]
    ]
  },
  "MLP": {
    "8": [
      [
        16,
        0.6308377901596137,
        0.031622134467323246,
        0.8223577825906432,
        0.021161840610046532,
        294092800000,
        1884160
      ],
      [
        32,
        0.4587756166547788,
        0.03207936187233697,
        0.8064569297592357,
        0.012168769930285626,
        501350400000,
        3211264
      ],
      [
        64,
        0.2519277928342322,
        0.025913907693022237,
        0.810150034300572,
        0.0073646878828698935,
        915865600000,
        5865472
      ],
      [
        128,
        0.23639434638058257,
        0.000651337049257067,
        0.8206077267684829,
        0.005645894399525211,
        1744896000000,
        11173888
      ]
    ],
    "16": [
      [
        16,
        0.9566691084598773,
        0.0611589938604914,
        0.9701503636962515,
        0.04219973346710303,
        418611200000,
        2670592
      ],
      [
        32,
        0.52403514002687,
        0.06365571790192472,
        0.6951933442860204,
        0.030216896537832598,
        671744000000,
        4259840
      ],
      [
        64,
        0.3840544974159057,
        0.030154733398605717,
        0.6646431980538949,
        0.026156585889193822,
        1178009600000,
        7438336
      ],
      [
        128,
        0.27036921493249716,
        0.01970894978979823,
        0.6508427721285003,
        0.0035661902884942445,
        2190540800000,
        13795328
      ]
    ],
    "32": [
      [
        16,
        0.8348462342098957,
        0.05966421217221779,
        0.9118851522791823,
        0.028092816994176574,
        667648000000,
        4243456
      ],
      [
        32,
        0.8295376254735517,
        0.03210581955167092,
        0.900696575711506,
        0.014059864140098422,
        1012531200000,
        6356992
      ],
      [
        64,
        0.4316437993925453,
        0.00843453457656241,
        0.6009812312074453,
        0.0020610188953277897,
        1702297600000,
        10584064
      ],
      [
        128,
        0.32710109170621454,
        0.022876808690840713,
        0.5310924190238606,
        0.004694392281483114,
        3081830400000,
        19038208
      ]
    ]
  },
  "SparseCoding": {
    "8": [
      [
        16,
        0.7014708600242314,
        0.046314666839177586,
        0.8338163132717303,
        0.04081411293920915,
        1731379200000,
        3686473728
      ],
      [
        32,
        0.5398354970748062,
        0.031131093973033378,
        0.8288115268420692,
        0.020048894131593525,
        1731379200000,
        3686473728
      ],
      [
        64,
        0.4461494632065417,
        0.002743241498216531,
        0.842846263904273,
        0.007921043503598624,
        1731379200000,
        3686473728
      ],
      [
        128,
        0.38969052590522196,
        0.005251097500433938,
        0.867029771614142,
        0.0028294614468526813,
        1731379200000,
        3686473728
      ]
    ],
    "16": [
      [
        16,
        0.936901399201215,
        0.03297621511725159,
        0.9590789932274598,
        0.03623201287147589,
        3567616000000,
        12615958528
      ],
      [
        32,
        0.8863031545264368,
        0.01588669759503855,
        0.9599555830159794,
        0.015046793030620117,
        3567616000000,
        12615958528
      ],
      [
        64,
        0.7355235461965294,
        0.011938048767691454,
        0.886484648719024,
        0.016494813769410383,
        3567616000000,
        12615958528
      ],
      [
        128,
        0.4928290327162875,
        0.010231247507825947,
        0.7697259010107861,
        0.004828043343537629,
        3567616000000,
        12615958528
      ]
    ],
    "32": [
      [
        16,
        0.9184176442655761,
        0.02474838085308467,
        0.9335757254066742,
        0.02811307686097324,
        7554662400000,
        46203961344
      ],
      [
        32,
        0.8815431034194502,
        0.010809918166828407,
        0.9497644876856149,
        0.004213246784020945,
        7554662400000,
        46203961344
      ],
      [
        64,
        0.7835314656459994,
        0.024449763980903986,
        0.9452118682120302,
        0.02325708468856237,
        7554662400000,
        46203961344
      ],
      [
        128,
        0.6073295506437254,
        0.02590459215925097,
        0.9169747238856015,
        0.027180834805903057,
        7554662400000,
        46203961344
      ]
    ]
  }
}