{
  "SAE": {
    "8": [
      [
        16,
        0.492384693045915,
        0.020872949333363575,
        0.7375099483609423,
        0.03361373049808383,
        89292800000,
        540672
      ],
      [
        32,
        0.2853450380826866,
        0.014627169568002864,
        0.7471614477633702,
        0.018722580892538268,
        178585600000,
        1081344
      ],
      [
        64,
        0.21533966847911215,
        0.004208231979671288,
        0.7861566535011898,
        0.004260791977246822,
        357171200000,
        2162688
      ],
      [
        128,
        0.1745955549901308,
        0.003519289927216002,
        0.827083163912843,
        0.005600486805939838,
        714342400000,
        4325376
      ]
    ],
    "16": [
      [
        16,
        0.8915470253927422,
        0.07463175462778028,
        0.9242599015898065,
        0.05009132133596028,
        174489600000,
        1064960
      ],
      [
        32,
        0.4904398114331754,
        0.010836697857234588,
        0.6541957948696222,
        0.008657565335879663,
        348979200000,
        2129920
      ],
      [
        64,
        0.2848108525720747,
        0.023895688933950537,
        0.6433716665464443,
        0.015303604200903783,
        697958400000,
        4259840
      ],
      [
        128,
        0.2201559858958965,
        0.009352020891988102,
        0.6491221158757733,
        0.0034588762218301056,
        1395916800000,
        8519680
      ]
    ],
    "32": [
      [
        16,
        0.9281356511515876,
        0.05082007694621685,
        0.9469156314490874,
        0.037186397624152254,
        344883200000,
        2113536
      ],
      [
        32,
        0.9775358356999257,
        0.014674065740327697,
        0.9792160329652787,
        0.016840010650063016,
        689766400000,
        4227072
      ],
      [
        64,
        0.4511527586117465,
        0.0038388248188204444,
        0.6148463090803812,
        0.008681490796782335,
        1379532800000,
        8454144
      ],
      [
        128,
        0.2902565793841642,
        0.016779188042093277,
        0.5376825805223858,
        0.007828692720997477,
        2759065600000,
        16908288
      ]
    ]
  },
  "MLP": {
    "8": [
      [
        16,
        0.49303965315635184,
        0.0041074216530968604,
        0.7655040812951862,
        0.00839777348788661,
        294092800000,
        1884160
      ],
      [
        32,
        0.31836146771922486,
        0.026256496398597343,
        0.7437118350150342,
        0.010832389573569077,
        501350400000,
        3211264
      ],
      [
        64,
        0.22400206731747016,
        0.014278960564430473,
        0.7883442500729055,
        0.005750123684440226,
        915865600000,
        5865472
      ],
      [
        128,
        0.1829242643432849,
        0.0009185751643387502,
        0.8085009742033975,
        0.006881434441387753,
        1744896000000,
        11173888
      ]
    ],
    "16": [
      [
        16,
        0.6469173733865973,
        0.18952705810384815,
        0.8044422218722881,
        0.10089470295016802,
        418611200000,
        2670592
      ],
      [
        32,
        0.462583331921362,
        0.015836139450578348,
        0.6764991529622458,
        0.00707161097445754,
        671744000000,
        4259840
      ],
      [
        64,
        0.29411485175149593,
        0.007446285388226418,
        0.5892374187371301,
        0.02058065860628471,
        1178009600000,
        7438336
      ],
      [
        128,
        0.2030458112666859,
        0.01414255253307837,
        0.6157102958782925,
        0.008375609108513855,
        2190540800000,
        13795328
      ]
    ],
    "32": [
      [
        16,
        0.7404675444269501,
        0.04486036177543804,
        0.834890696034679,
        0.0253669578851012,
        667648000000,
        4243456
      ],
      [
        32,
        0.8353246878893174,
        0.031132023097406876,
        0.9003656348728354,
        0.021592845489949795,
        1012531200000,
        6356992
      ],
      [
        64,
        0.42903334939556403,
        0.008908115323914159,
        0.6207361895652297,
        0.006432412493520329,
        1702297600000,
        10584064
      ],
      [
        128,
        0.26303874294214663,
        0.007322590809506395,
        0.5198702699146248,
        0.002379960048905544,
        3081830400000,
        19038208
      ]
    ]
  },
  "SparseCoding": {
    "8": [
      [
        16,
        0.4885330800879994,
        0.01934141531850489,
        0.7543444907669254,
        0.02123752667126338,
        2623897600000,
        7209107456
      ],
      [
        32,
        0.379618231457,
        0.008023537948764432,
        0.7886844266837443,
        0.010631599109246251,
        4408934400000,
        14254374912
      ],
      [
        64,
        0.3024383240520147,
        0.004510568667307489,
        0.8103909455045463,
        0.00420176987422477,
        7979008000000,
        28344909824
      ],
      [
        128,
        0.24591083280551518,
        0.003677517723588516,
        0.8505467051453589,
        0.004256942426861548,
        15119155200000,
        56525979648
      ]
    ],
    "16": [
      [
        16,
        0.8832291033817633,
        0.029941534250313387,
        0.9796419572026972,
        0.02174210219227228,
        3567616000000,
        12615958528
      ],
      [
        32,
        0.4717906937439982,
        0.008730336411883132,
        0.673268337332028,
        0.00839958811717417,
        5457510400000,
        24904237056
      ],
      [
        64,
        0.34448348528096706,
        0.009380366309131988,
        0.6601623233691735,
        0.00918238752386155,
        9237299200000,
        49480794112
      ],
      [
        128,
        0.2782476369044689,
        0.005498860781756766,
        0.6715577078368806,
        0.005773351881610143,
        16796876800000,
        98633908224
      ]
    ],
    "32": [
      [
        16,
        0.8922349785772713,
        0.003957217840681338,
        0.9971461403211581,
        0.0010192747448212413,
        5455052800000,
        23429660672
      ],
      [
        32,
        0.897226796527319,
        0.0027726968766434534,
        0.9997703692523782,
        5.9765489006225827e-05,
        7554662400000,
        46203961344
      ],
      [
        64,
        0.575528276613409,
        0.01994917961267902,
        0.7190408731997328,
        0.020807681597862435,
        11753881600000,
        91752562688
      ],
      [
        128,
        0.3711703906973627,
        0.0077010063779179945,
        0.5835394402208429,
        0.007685340131764482,
        20152320000000,
        182849765376
      ]
    ]
  }
}