{
  "SparseCoding_L1": {
    "0.005": [
      0.0002541724922290693,
      0.9662272135416666,
      0.7355826186642321
    ],
    "0.05": [
      0.0006585919375841817,
      0.9168497721354166,
      0.7510289145027614
    ],
    "0.5": [
      0.01193716749548912,
      0.5768025716145834,
      0.835699734838553
    ],
    "5.0": [
      0.2726920247077942,
      0.06589762369791667,
      0.4457190728596327
    ]
  },
  "SparseCoding_InferenceTopK": {
    "0.005": {
      "1": [
        0.16205727557341257,
        0.0625,
        0.6395231028524935
      ],
      "3": [
        0.03466261054078738,
        0.1875,
        0.7315488855884391
      ],
      "5": [
        0.006427702804406484,
        0.3125,
        0.7356286322260058
      ],
      "10": [
        0.0002541214053053409,
        0.625,
        0.7355886396851495
      ]
    },
    "0.05": {
      "1": [
        0.16570289433002472,
        0.0625,
        0.6522135006195505
      ],
      "3": [
        0.03787789990504583,
        0.1875,
        0.7495424039471562
      ],
      "5": [
        0.007464536000043154,
        0.3125,
        0.7493105610688628
      ],
      "10": [
        0.0006583370850421488,
        0.6247762044270834,
        0.7510276692404231
      ]
    },
    "0.5": {
      "1": [
        0.13285538057486215,
        0.0625,
        0.7182768097327984
      ],
      "3": [
        0.027795835087696712,
        0.1875,
        0.8299168847108334
      ],
      "5": [
        0.013188272093733152,
        0.3117268880208333,
        0.8354214797308241
      ],
      "10": [
        0.011936539473632971,
        0.5526936848958334,
        0.8356997980395003
      ]
    },
    "5.0": {
      "1": [
        0.28845924139022827,
        0.02947998046875,
        0.41281620436359373
      ],
      "3": [
        0.2730349798997243,
        0.056193033854166664,
        0.4457179923034251
      ],
      "5": [
        0.2726929783821106,
        0.06398518880208333,
        0.4457186899467977
      ],
      "10": [
        0.27269165714581806,
        0.06589762369791667,
        0.44572141558659134
      ]
    }
  },
  "SparseCoding_OptimizeTopK": {
    "0.005": {
      "1": [
        0.29678882161776227,
        0.0625,
        0.13541282973082605
      ],
      "3": [
        0.16134137908617655,
        0.1875,
        0.34605372037547283
      ],
      "5": [
        0.07400808731714885,
        0.3125,
        0.47866305761065225
      ],
      "10": [
        0.00043527148469972116,
        0.625,
        0.6929046948332392
      ]
    },
    "0.05": {
      "1": [
        0.2908860743045807,
        0.0625,
        0.11939940610833334
      ],
      "3": [
        0.17274093131224313,
        0.1875,
        0.3386314800799876
      ],
      "5": [
        0.07233136023084323,
        0.3125,
        0.4874692718379972
      ],
      "10": [
        0.0006528690961810449,
        0.625,
        0.7054103580934395
      ]
    },
    "0.5": {
      "1": [
        0.2931583722432454,
        0.0625,
        0.12629026769417648
      ],
      "3": [
        0.15646507839361826,
        0.1875,
        0.37140135046943185
      ],
      "5": [
        0.07328397035598755,
        0.3125,
        0.4947258391791613
      ],
      "10": [
        0.002594996942207217,
        0.625,
        0.7141437976474063
      ]
    },
    "5.0": {
      "1": [
        0.3092145025730133,
        0.0625,
        0.12709593516067783
      ],
      "3": [
        0.18983918925126395,
        0.1875,
        0.3015372465373764
      ],
      "5": [
        0.1287633627653122,
        0.3119913736979167,
        0.43546119045965764
      ],
      "10": [
        0.057955908278624214,
        0.60430908203125,
        0.4844936484698054
      ]
    }
  }
}