{
  "SparseCoding_L1": {
    "0.005": [
      0.0002409738372080028,
      1.0,
      0.736227788694674
    ],
    "0.05": [
      0.0006505502387881279,
      1.0,
      0.7926052857265453
    ],
    "0.5": [
      0.012360135093331337,
      1.0,
      0.8043629364464704
    ],
    "5.0": [
      0.2725170850753784,
      1.0,
      0.480621059292603
    ]
  },
  "SparseCoding_InferenceTopK": {
    "0.005": {
      "1": [
        0.15950323641300201,
        0.0625,
        0.6301648296242358
      ],
      "3": [
        0.032680997624993324,
        0.1875,
        0.7303022308748146
      ],
      "5": [
        0.006080747582018375,
        0.3125,
        0.7356180210391161
      ],
      "10": [
        0.00024091103114187717,
        0.625,
        0.7362249884612145
      ]
    },
    "0.05": {
      "1": [
        0.15503640472888947,
        0.0625,
        0.6834243121626152
      ],
      "3": [
        0.031458472833037376,
        0.1875,
        0.7898806172372399
      ],
      "5": [
        0.005964746465906501,
        0.3125,
        0.7908750275127251
      ],
      "10": [
        0.000650286499876529,
        0.625,
        0.7926041009809512
      ]
    },
    "0.5": {
      "1": [
        0.13943243771791458,
        0.0625,
        0.689623911904532
      ],
      "3": [
        0.031033056788146496,
        0.1875,
        0.7954797442537377
      ],
      "5": [
        0.01392948254942894,
        0.3125,
        0.8042107613040542
      ],
      "10": [
        0.012359479442238808,
        0.625,
        0.8043630178894148
      ]
    },
    "5.0": {
      "1": [
        0.28791049122810364,
        0.0625,
        0.45073902539665706
      ],
      "3": [
        0.27283692359924316,
        0.1875,
        0.47981443885807773
      ],
      "5": [
        0.2725174278020859,
        0.3125,
        0.4806218782252397
      ],
      "10": [
        0.2725166231393814,
        0.625,
        0.48062261908854126
      ]
    }
  },
  "SparseCoding_OptimizeTopK": {
    "0.005": {
      "1": [
        0.2949751168489456,
        0.0625,
        0.12424864326495544
      ],
      "3": [
        0.16132979094982147,
        0.1875,
        0.3366382709608504
      ],
      "5": [
        0.07291272655129433,
        0.3125,
        0.46889623600605324
      ],
      "10": [
        0.0003618778573581949,
        0.625,
        0.699034528225891
      ]
    },
    "0.05": {
      "1": [
        0.29324348270893097,
        0.0625,
        0.11377753057435336
      ],
      "3": [
        0.16850269585847855,
        0.1875,
        0.3314358356067404
      ],
      "5": [
        0.06889373622834682,
        0.3125,
        0.5184844281968857
      ],
      "10": [
        0.0004502309311646968,
        0.625,
        0.7564184528964902
      ]
    },
    "0.5": {
      "1": [
        0.2895980179309845,
        0.0625,
        0.12468130492709006
      ],
      "3": [
        0.15744821727275848,
        0.1875,
        0.3569844493203599
      ],
      "5": [
        0.07233542576432228,
        0.3125,
        0.45933074979463884
      ],
      "10": [
        0.0024247721303254366,
        0.625,
        0.6897406315846675
      ]
    },
    "5.0": {
      "1": [
        0.3022150844335556,
        0.0625,
        0.11864775216792744
      ],
      "3": [
        0.18765968829393387,
        0.1875,
        0.3228435806903933
      ],
      "5": [
        0.1172938421368599,
        0.3125,
        0.4721600740689391
      ],
      "10": [
        0.034788403660058975,
        0.625,
        0.49014244391050676
      ]
    }
  },
  "SparseAutoEncoder_L1": {
    "0.005": [
      2.7197203280593385e-06,
      0.540496826171875,
      0.6405255440496165
    ],
    "0.05": [
      0.00020907502039335668,
      0.485748291015625,
      0.6074072008486062
    ],
    "0.5": [
      0.017355328425765038,
      0.37274169921875,
      0.5843038509094479
    ],
    "5.0": [
      0.3513907790184021,
      0.0242919921875,
      0.23146509311460461
    ]
  }
}