{"reconstruction_loss":6.351223468780518,"_step":3,"_runtime":104.304983,"total_loss":6.804887294769287,"_timestamp":1.727145024792935e+09,"l1_loss":4536.64013671875,"l0_loss":2143.621337890625,"_wandb":{"runtime":152},"batch":4}