{"batch":1,"_step":0,"l1_loss":20857.69140625,"_wandb":{"runtime":17},"total_loss":3.3922457695007324,"_timestamp":1.727143617145129e+09,"_runtime":17.330598,"reconstruction_loss":1.3064764738082886,"l0_loss":8457.578125}