{"_step":0,"batch":1,"total_loss":3.3922457695007324,"reconstruction_loss":1.3064764738082886,"_runtime":16.985279,"l0_loss":8457.578125,"l1_loss":20857.69140625,"_timestamp":1.727142632830356e+09,"_wandb":{"runtime":17}}