{"reconstruction_loss":1.3064764738082886,"_runtime":18.116226,"_wandb":{"runtime":115},"l1_loss":20857.69140625,"l0_loss":8457.578125,"batch":1,"total_loss":3.3922457695007324,"_step":0,"_timestamp":1.72714407444085e+09}