{"_wandb":{"runtime":17},"l0_loss":8457.578125,"_step":0,"reconstruction_loss":1.3064764738082886,"batch":1,"l1_loss":20857.69140625,"_timestamp":1.7271435770284019e+09,"total_loss":3.3922457695007324,"_runtime":17.718631}