{"reconstruction_loss":0.9080519080162048,"_step":99,"l1_loss":144.40965270996094,"l0_loss":9.248291015625,"total_loss":0.9224928617477417,"batch":100,"_timestamp":1.7271392148511171e+09,"_runtime":499.455078,"_wandb":{"runtime":500}}