{"total_loss":0.10634559392929077,"reconstruction_loss":0.0869356244802475,"_wandb":{"runtime":1457},"_timestamp":1.727146579943462e+09,"l0_loss":9.90087890625,"batch":243,"_step":242,"l1_loss":194.09970092773438,"_runtime":1454.607312}