{"batch":1,"_wandb":{"runtime":60},"_step":0,"_runtime":17.148346,"total_loss":3.3922457695007324,"reconstruction_loss":1.3064764738082886,"l1_loss":20857.69140625,"l0_loss":8457.578125,"_timestamp":1.727143771102803e+09}